bubble_id,sign,centroid_x,centroid_y,centroid_z,volume,r_eff,r_rms,peak,step,time,temperature
1,+,338.70,52.53,332.66,1186728,65.6781,51.0712,1.0005e+11,16860,4.21500000e+03,4911.50
2,+,338.20,505.92,333.33,47645,22.4893,24.8966,1.0001e+11,16860,4.21500000e+03,4911.50
