bubble_id,sign,centroid_x,centroid_y,centroid_z,volume,r_eff,r_rms,peak,step,time,temperature
1,+,338.75,57.96,332.62,2412595,83.2016,65.3831,1.0003e+11,16940,4.23500000e+03,4911.50
2,+,338.20,498.87,333.30,292984,41.2020,41.4699,1.0003e+11,16940,4.23500000e+03,4911.50
