{"lambda": 1e-16, "mphi": 1000, "epsilon": 0, "lambdaSix": 0, "bosonMassSquared": 1000000, "bosonCoupling": 0.15000000000000002, "bosonGaugeCoupling": 1.05, "fermionCoupling": 0.15000000000000002, "fermionGaugeCoupling": 1.05}